name,iso,fips,woeid
Bari,SOM,SO03,2347008
Hainaut,BEL,,7153299
Limburg,BEL,,7153301
Flores,URY,UY06,2347645
Río Negro,URY,UY12,2347651
Soriano,URY,UY17,2347656
Cerro Largo,URY,UY03,2347642
Rivera,URY,UY13,2344682
Apure,VEN,VE03,2347679
Mérida,VEN,VE14,2347690
Trujillo,VEN,VE21,2347697
Trujillo,VEN,VE23,2347697
Zulia,VEN,VE23,2347699
Cojedes,VEN,VE08,2347684
Carabobo,VEN,VE07,2347683
Portuguesa,VEN,VE18,2347694
Yaracuy,VEN,VE22,2347698
Amazonas,VEN,VE01,2347677
Bolívar,VEN,VE06,2347682
Aragua,VEN,VE04,2347680
Vargas,VEN,VE26,20069993
Distrito Capital,VEN,VE26,2347686
Dependencias Federales,VEN,VE00,2347700
Monagas,VEN,VE16,2347692
Miranda,VEN,VE15,2347691
Nueva Esparta,VEN,VE00,2347693
Sucre,VEN,VE19,2347695
Tobago,TTO,TD11,24549908
Delta Amacuro,VEN,VE09,2347685
Marowijne,SUR,NS13,2346409
Para,SUR,NS15,2346411
Commewijne,SUR,NS13,2346407
Saramacca,SUR,NS17,2346413
Nordland,NOR,JN00,2346392
Clare,IRL,EI03,2345251
Carlow,IRL,EI01,2345249
Cork,IRL,EI04,2345252
Cavan,IRL,EI02,2345250
Andalucía,ESP,SP80,12578029
Cantabria,ESP,SP85,12578028
Plateaux,TGO,TO25,56048438
Maritime,TGO,TO24,2347574
Kara,TGO,TO23,56048435
Centre,TGO,TO22,2347574
Savanes,TGO,TO26,56048434
Maradi,NER,NG04,2346327
Zinder,NER,NG07,2346330
Cataluña,ESP,SP86,12578034
Dolj,ROU,RO17,2346631
Gorj,ROU,RO19,2346633
Mehedinti,ROU,RO26,2346639
Olt,ROU,RO29,2346642
Teleorman,ROU,RO35,2346648
Ialomita,ROU,RO22,2346636
Sa`dah,YEM,YM15,20070038
Ta`izz,YEM,YM25,20070041
Jura,CHE,SZ26,2347108
Aargau,CHE,SZ01,2347083
Nidwalden,CHE,SZ13,2347095
Valais,CHE,SZ22,2347104
Appenzell Ausserrhoden,CHE,SZ02,2347084
Ticino,CHE,SZ20,2347102
Graubünden,CHE,SZ09,2347091
Thurgau,CHE,SZ19,2347101
Uri,CHE,SZ21,2347103
Gävleborg,SWE,SW03,2347046
Dalarna,SWE,SW10,2347053
Kronoberg,SWE,SW12,2347055
Östergötland,SWE,SW16,2347059
Södermanland,SWE,SW18,2347061
Västmanland,SWE,SW25,2347066
Halland,SWE,SW06,2347049
Värmland,SWE,SW22,2347063
Jämtland,SWE,SW07,2347050
Norrbotten,SWE,SW14,2347057
Västernorrland,SWE,SW24,2347065
Västerbotten,SWE,SW23,2347064
Gotland,SWE,SW18,2347048
Sveta Ana,SVN,SI00,55848361
Dobrova-Polhov Gradec,SVN,SIG4,55848364
Loka Dolina,SVN,SII7,55848394
Bistrica ob Sotli,SVN,SI92,55848390
Slovenska Bistrica,SVN,SIL8,55848388
Videm,SVN,SIN2,55848377
Hajdina,SVN,SI00,55848377
Hoce-Slivnica,SVN,SI00,55848367
Trnovska Vas,SVN,SI00,55848377
Selnica ob Dravi,SVN,SI00,55848382
Lovrenc na Pohorju,SVN,SI00,55848382
Jezersko,SVN,SI00,55848358
Dobrepolje,SVN,SI00,55848349
Ribnica na Pohorju,SVN,SIA5,55848378
Blekinge,SWE,SW02,2347045
Bihor,ROU,RO05,2346619
Caras-Severin,ROU,RO12,2346626
Timis,ROU,RO36,2346649
Crimea,UKR,UP08,2347544
Alba,ROU,RO01,2346615
Maramures,ROU,RO25,2346638
Mures,ROU,RO27,2346640
Salaj,ROU,RO31,2346644
Arges,ROU,RO03,2346617
Harghita,ROU,RO20,2346634
Neamt,ROU,RO28,2346641
Prahova,ROU,RO30,2346643
Vrancea,ROU,RO40,2346653
Volyn,UKR,UP21,2347555
Al Mahrah,YEM,YM03,20070032
Al Bayda',YEM,YM20,20070043
Ajman,ARE,AE02,2347110
Sharjah,ARE,AE06,2347114
Abu Dhabi,ARE,AE01,2347109
Khatlon,TJK,TI03,20070295
Rapti,NPL,NP12,20070018
Ranong,THA,TH59,2347183
Phrae,THA,TH07,2347134
Bangkok Metropolis,THA,TH40,2347165
Dak Lak,VNM,VM07,2347720
Riau,IDN,ID37,2345728
Sulawesi Utara,IDN,ID31,28350156
Luapula,ZMB,ZA04,2347808
Northern,ZMB,ZA05,2347807
Central,ZMB,ZA02,2347805
Copperbelt,ZMB,ZA08,2347802
North-Western,ZMB,ZA06,2347801
Mashonaland Central,ZWE,ZI03,2347812
Midlands,ZWE,ZI02,2347811
Mashonaland East,ZWE,ZI04,2347813
Manicaland,ZWE,ZI01,2347810
Mashonaland West,ZWE,ZI05,2347814
Hhohho,SWZ,WZ01,20069889
Lubombo,SWZ,WZ02,20069891
Manzini,SWZ,WZ03,20069892
Shiselweni,SWZ,WZ04,20069890
Maluku Utara,IDN,ID29,20069998
Yogyakarta,IDN,ID10,2345719
Maluku,IDN,ID28,20069997
Nusa Tenggara Barat,IDN,ID17,2345726
Sulawesi Tenggara,IDN,ID22,2345731
Sulawesi Tengah,IDN,ID21,2345730
Papua,IDN,ID36,2345718
Nord,NCL,NC00,24549806
Torba,VUT,NH07,20069883
Sanma,VUT,NH13,20069884
Tafea,VUT,NH15,20069887
Malampa,VUT,NH16,20069886
Shefa,VUT,NH18,20069888
Apurímac,PER,PE03,2346470
Madre de Dios,PER,PE17,2346484
Moquegua,PER,PE18,2346485
Acre,BRA,BR01,2344844
Ancash,PER,PE02,2346469
La Libertad,PER,PE13,2346480
Pasco,PER,PE19,2346486
San Martín,PER,PE22,2346489
Ucayali,PER,PE25,2346492
Amazonas,PER,PE01,2346468
Loreto,PER,PE16,2346483
Ayacucho,PER,PE09,2346472
Lima Province,PER,,2346482
Lima,PER,PE15,2346482
Amazonas,BRA,BR04,2344847
Maranhão,BRA,BR13,2344854
Pará,BRA,BR16,2344857
Rondônia,BRA,BR24,2344865
Tocantins,BRA,BR31,2344870
Alto Paraguay,PRY,PA03,2346463
Boquerón,PRY,PA24,2346450
Distrito Federal,BRA,BR07,2344850
Mato Grosso do Sul,BRA,BR11,2344853
Minas Gerais,BRA,BR15,2344856
Mato Grosso,BRA,BR14,2344855
Cordillera,PRY,PA08,2346455
Presidente Hayes,PRY,PA16,2346461
Guairá,PRY,PA10,2346456
Misiones,PRY,PA12,2346458
Ñeembucú,PRY,PA13,2346459
Paraná,BRA,BR18,2344859
Santa Catarina,BRA,BR26,2344867
Amambay,PRY,PA02,2346449
Alto Paraná,PRY,PA01,2346448
Canindeyú,PRY,PA19,2346464
Itapúa,PRY,PA11,2346457
Ceará,BRA,BR06,2344849
Piauí,BRA,BR20,2344861
Alagoas,BRA,BR02,2344845
Bahia,BRA,BR05,2344848
Espírito Santo,BRA,BR08,2344851
Paraíba,BRA,BR17,2344858
Rio Grande do Norte,BRA,BR22,2344863
Sergipe,BRA,BR28,2344869
Manitoba,CAN,CA03,2344917
Saskatchewan,CAN,CA11,2344925
Alberta,CAN,CA01,2344915
Nunavut,CAN,CA10,20069920
Northwest Territories,CAN,CA13,2344920
Yukon,CAN,CA12,2344926
Atlántida,HND,HO01,2345623
Colón,HND,HO03,2345625
Francisco Morazán,HND,HO08,2345630
Gracias a Dios,HND,HO09,2345631
Islas de la Bahía,HND,HO01,2345633
Olancho,HND,HO15,2345637
Valle,HND,HO17,2345639
Cortés,HND,HO06,2345628
Copán,HND,HO05,2345627
Lempira,HND,HO13,2345635
Carazo,NIC,NU02,2346418
Madriz,NIC,NU09,2346425
Nueva Segovia,NIC,NU13,2346429
Chontales,NIC,NU04,2346420
Roraima,BRA,BR25,2344866
Mahaica-Berbice,GUY,GY13,2345608
Potaro-Siparuni,GUY,GY17,2345610
Upper Takutu-Upper Essequibo,GUY,GY18,2345612
Upper Demerara-Berbice,GUY,GY19,2345611
Barima-Waini,GUY,GY10,2345603
Pomeroon-Supenaam,GUY,GY11,2345609
East Berbice-Corentyne,GUY,GY12,2345606
Essequibo Islands-West Demerara,GUY,GY15,2345607
Cuyuni-Mazaruni,GUY,GY16,2345604
Ontario,CAN,CA08,2344922
Québec,CAN,CA10,2344924
New Brunswick,CAN,CA04,2344922
Nova Scotia,CAN,CA07,2344922
Prince Edward Island,CAN,CA09,2344923
Galway,IRL,EI10,2345255
Meath,IRL,EI21,2345265
Offaly,IRL,EI23,2345267
Westmeath,IRL,EI29,2345272
Wexford,IRL,EI30,2345273
Wicklow,IRL,EI31,2345274
Dublin,IRL,EI07,2345254
Kilkenny,IRL,EI13,2345258
Laoighis,IRL,EI15,2345260
Tipperary,IRL,EI26,2345270
Kerry,IRL,EI11,2345256
Limerick,IRL,EI16,2345261
Roscommon,IRL,EI24,2345268
Sligo,IRL,EI25,2345269
Azores,PRT,PO23,15021776
Madeira,PRT,PO10,2346570
Galicia,ESP,SP91,12578036
Extremadura,ESP,SP90,12578035
Northern,SLE,SL02,2347001
Matam,SEN,SG14,56055615
Oio,GNB,PU04,2346605
Quinara,GNB,PU02,2346604
Tombali,GNB,PU07,2346608
Maryland,LBR,LI13,2346107
Bomi,LBR,LI15,2346109
Bong,LBR,LI01,2346099
Grand Cape Mount,LBR,LI12,2346106
Lofa,LBR,LI20,2346101
Montserrado,LBR,LI14,2346108
Margibi,LBR,LI17,2346111
Nimba,LBR,LI09,2346103
Basse-Kotto,CAF,CT02,2345090
Lobaye,CAF,CT07,2345095
West Darfur,SDN,SU47,20069894
Ouest,CMR,CM08,2345036
Agadez,NER,NG01,2346324
Mambéré-Kadéï,CAF,CT04,2345092
Sangha-Mbaéré,CAF,CT16,2345103
Sud,CMR,CM14,2345042
Nana-Mambéré,CAF,CT09,2345097
Ouham-Pendé,CAF,CT13,2345100
Bamingui-Bangoran,CAF,CT01,2345089
Nana-Grébizi,CAF,CT15,2345102
Kémo,CAF,CT06,2345094
Ouham,CAF,CT12,2345099
South Darfur,SDN,SU49,20069893
Emilia-Romagna,ITA,IT05,7153334
Liguria,ITA,IT12,7153337
Sardegna,ITA,IT14,7153343
Toscana,ITA,IT16,7153345
Basilicata,ITA,IT02,7153331
Calabria,ITA,IT03,7153332
Campania,ITA,IT04,7153333
Molise,ITA,IT11,7153340
Apulia,ITA,IT13,7153342
Sicily,ITA,IT15,7153344
Abruzzo,ITA,IT01,7153350
Lazio,ITA,IT07,7153336
Marche,ITA,IT10,7153339
Umbria,ITA,IT18,7153347
Ðakovica,KO-,AL47,29389201
Grad Beograd,SRB,RB02,29389217
Kolubarski,SRB,BK00,29389214
Macvanski,SRB,BK00,29389214
Kosovska Mitrovica,KO-,SR01,29389201
Tafilah,JOR,JO12,2347562
Ma`an,JOR,JO19,2347580
Ajlun,JOR,JO20,20070293
Balqa,JOR,JO02,2347562
Al Hudud ash Shamaliyah,SAU,SA15,2346961
Haut-Mbomou,CAF,CT05,2345093
Mbomou,CAF,CT08,2345096
North Darfur,SDN,SU55,20069895
Al Bahah,SAU,SA02,2346949
`Asir,SAU,SA11,2346955
Jizan,SAU,SA17,2346956
Makkah,SAU,SA14,2346959
Rift Valley,KEN,KE08,2345943
North-Eastern,KEN,KE06,2345941
Drenthe,NLD,NL01,2346373
Friesland,NLD,NL02,2346374
Gelderland,NLD,NL03,2346375
Limburg,NLD,NL05,2346377
Overijssel,NLD,NL15,2346380
Troms,NOR,NO18,2346401
Flevoland,NLD,NL16,2346384
Zeeland,NLD,NL10,2346382
Piemonte,ITA,IT12,7153341
Valle d'Aosta,ITA,IT19,7153348
Lombardia,ITA,IT09,7153338
Møre og Romsdal,NOR,NO08,2346391
Sør-Trøndelag,NOR,NO16,2346399
Aust-Agder,NOR,NO02,2346386
Hordaland,NOR,NO07,2346390
Rogaland,NOR,NO14,2346397
Sogn og Fjordane,NOR,NO15,2346398
Vest-Agder,NOR,NO19,2346402
Akershus,NOR,NO01,2346385
Buskerud,NOR,NO04,2346387
Hedmark,NOR,NO06,2346389
Oppland,NOR,NO11,2346394
Telemark,NOR,NO17,2346400
Vestfold,NOR,NO20,2346403
Østfold,NOR,NO13,2346396
Nord-Trøndelag,NOR,NO10,2346393
Gornja Radgona,SVN,SI29,55848348
Gornji Petrovci,SVN,SI31,55848370
Gornji Petrovci,SVN,SI97,55848370
Klaipedos,LTU,LH58,55848085
Dol pri Ljubljani,SVN,SI22,55848364
Dravograd,SVN,SI25,55848347
Duplek,SVN,SI26,55848367
Gornji Grad,SVN,SI30,55848369
Hrastnik,SVN,SI34,55848397
Ivancna Gorica,SVN,SI39,55848349
Kungota,SVN,SI55,55848374
Race-Fram,SVN,SI98,55848367
Rogaka Slatina,SVN,SIA7,55848390
Slovenske Konjice,SVN,SIC4,55848389
tore,SVN,SIC9,7153336
Bohinj,SVN,SI04,55848379
Kranjska Gora,SVN,SI53,55848354
Brda,SVN,SI07,55848371
Divaca,SVN,SI19,55848385
Hrpelje-Kozina,SVN,SI35,55848385
Miren-Kostanjevica,SVN,SIJ5,55848371
Friuli-Venezia Giulia,ITA,IT06,7153335
Trentino-Alto Adige,ITA,IT17,7153346
Veneto,ITA,IT20,7153349
Moravske Toplice,SVN,SI78,55848370
Sveti Jurij,SVN,SID1,55848390
Nitriansky,SVK,SI04,20070492
Trenciansky,SVK,SI06,20070493
Finnmark,NOR,NO05,2346388
Alytaus,LTU,LH56,55848082
Kauno,LTU,LH57,55848084
Marijampoles,LTU,LH59,55848078
Taurages,LTU,LH62,55848087
Utenos,LTU,LH64,55848081
Vilniaus,LTU,LH65,55848083
Riga,LVA,LG20,20070121
Riga,LVA,LG32,20070121
Ash Sharqiyah,SAU,SA06,2346954
Ar Rayyan,QAT,QA06,20070010
Al Wakrah,QAT,QA05,20070012
Jariyan al Batnah,QAT,QA08,20070011
Al Ghuwayriyah,QAT,QA02,20070004
Al Khawr,QAT,QA04,20070006
Umm Salal,QAT,QA09,20070007
Azad Kashmir,PAK,PK06,2346500
Northern Areas,PAK,PK07,2346501
Punjab,PAK,PK04,2346498
Chuy,KGZ,KG02,20070195
N.W.F.P.,PAK,PK03,2346497
Dhawalagiri,NPL,NP03,20070026
Karnali,NPL,NP06,20070018
Lumbini,NPL,NP08,20070026
Mahakali,NPL,NP09,20070030
Janakpur,NPL,NP05,20070029
Narayani,NPL,NP11,20070029
Sagarmatha,NPL,NP13,20070023
Mechi,NPL,NP10,20070023
Aceh,IDN,ID01,2345710
Perak,MYS,MY07,2346302
Pulau Pinang,MYS,MY09,2346304
Pulau Pinang,MYS,MY09,2346304
Kedah,MYS,MY02,2346297
Perlis,MYS,MY08,2346303
Perlis,MYS,MY08,2346303
Johor,MYS,MY01,2346296
Kelantan,MYS,MY03,2346298
Melaka,MYS,MY04,2346299
Negeri Sembilan,MYS,MY05,2346300
Pahang,MYS,MY06,2346301
Selangor,MYS,MY12,2346306
Gansu,CHN,CH15,12578005
Qinghai,CHN,,12577996
Guangxi,CHN,CH16,12578006
Guizhou,CHN,CH18,12578007
Chongqing,CHN,CH33,20070171
Beijing,CHN,CH22,12578011
Kaohsiung,TWN,,20070334
Tainan,TWN,,20070335
Hsinchu,TWN,,20070335
Taipei,TWN,TW03,20070333
Taoyuan,TWN,,20070335
Chiayi,TWN,,20070335
Taichung,TWN,,20070335
Yunlin,TWN,,20070335
Fujian,CHN,CH07,12577997
Anhui,CHN,CH01,12578022
Guangdong,CHN,CH30,12578019
Belait,BRN,BX01,20069849
Brunei and Muara,BRN,BX02,20069846
Temburong,BRN,BX03,20069847
Tutong,BRN,BX04,20069848
Kalimantan Timur,IDN,ID14,2345723
Sabah,MYS,MY15,2346310
Sarawak,MYS,MY11,2346305
Northern Cape,ZAF,SF06,2346985
Western Cape,ZAF,SF09,2346987
Ghanzi,BWA,BC03,2344743
Coast,KEN,KE02,2345938
Central,KEN,KE01,2345937
Nyanza,KEN,KE07,2345942
Cabo Delgado,MOZ,MZ01,2346311
Niassa,MOZ,MZ07,2346317
Berea,LSO,LT10,20069865
Maseru,LSO,LT14,20069870
Mohale's Hoek,LSO,LT15,20069868
Orange Free State,ZAF,SF07,2346980
Gaza,MOZ,MZ02,2346312
Gauteng,ZAF,SF08,2346981
Mpumalanga,ZAF,SF02,2346983
Limpopo,ZAF,SF05,2346986
Butha-Buthe,LSO,LT11,20069862
Mokhotlong,LSO,LT16,20069861
Qacha's Nek,LSO,LT17,20069866
Thaba-Tseka,LSO,LT19,20069864
KwaZulu-Natal,ZAF,SF03,2346982
Antananarivo,MDG,MA05,2346150
Jawa Barat,IDN,ID30,2345715
Jawa Tengah,IDN,ID07,2345716
Bengkulu,IDN,ID03,2345712
Banten,IDN,ID33,28350158
Jakarta Raya,IDN,ID04,2345713
Kalimantan Barat,IDN,ID11,2345720
Lampung,IDN,ID15,2345724
Sumatera Selatan,IDN,ID32,2345734
Bangka-Belitung,IDN,ID35,28350154
Bali,IDN,ID02,2345711
Jawa Timur,IDN,ID08,2345717
Kalimantan Selatan,IDN,ID12,2345721
Nusa Tenggara Timur,IDN,ID18,2345727
Sulawesi Selatan,IDN,ID38,2345729
Sulawesi Barat,IDN,ID41,28350155
Enga,PNG,PP19,2346599
East Sepik,PNG,PP11,2346591
Sandaun,PNG,PP18,2346598
Chimbu,PNG,PP08,2346588
Eastern Highlands,PNG,PP09,2346589
Gulf,PNG,PP02,2346582
North Solomons,PNG,PP07,2346587
Southern Highlands,PNG,PP05,2346585
Western Highlands,PNG,PP16,2346596
Central,PNG,PP01,2346581
East New Britain,PNG,PP10,2346590
Manus,PNG,PP13,2346593
Milne Bay,PNG,PP03,2346583
National Capital District,PNG,,2346600
New Ireland,PNG,PP15,2346595
Northern,PNG,PP04,2346584
West New Britain,PNG,PP17,2346597
Sud,NCL,NC03,24549807
Malaita,SLB,BP03,2344836
Rennell and Bellona,SLB,BP10,2344838
Central,SLB,BP10,2344838
Guadalcanal,SLB,BP06,2344839
Isabel,SLB,BP07,2344840
Rhône-Alpes,FRA,FRB9,7153329
Azuay,ECU,EC02,2345203
El Oro,ECU,EC08,2345209
Zamora Chinchipe,ECU,EC20,2345221
Santa Cruz,ARG,AR20,2344694
Tierra del Fuego,ARG,AR23,2344697
Chubut,ARG,AR04,2344678
Neuquén,ARG,AR15,2344689
Bolivar,ECU,EC03,2345215
Cotopaxi,ECU,EC07,2345208
Guayas,ECU,EC10,2345211
Los Rios,ECU,EC13,2345214
Manabi,ECU,EC14,2345215
Amazonas,COL,CO01,2345047
Chimborazo,ECU,EC06,2345207
Morona Santiago,ECU,EC15,2345216
Orellana,ECU,EC24,20070099
Pichincha,ECU,EC19,2345219
Pastaza,ECU,EC17,2345218
Napo,ECU,,2345217
Tungurahua,ECU,EC23,2345220
Cochabamba,BOL,BL02,2344802
Chuquisaca,BOL,BL01,2344801
El Beni,BOL,BL03,2344803
Ciudad de Buenos Aires,ARG,AR01,2344681
La Pampa,ARG,AR11,2344685
Jujuy,ARG,AR10,2344684
Chaco,ARG,AR03,2344677
Misiones,ARG,AR14,2344688
Pernambuco,BRA,BR30,2344860
Santander,COL,CO26,2345071
La Guajira,COL,CO17,2345062
Isla de la Juventud,CUB,CU04,2345109
Cartago,CRI,CS02,2345083
Heredia,CRI,CS04,2345085
Limón,CRI,CS06,2345086
Puntarenas,CRI,CS07,2345087
Chiriquí,PAN,PM02,2346552
Guanacaste,CRI,CS03,2345084
Coclé,PAN,PM03,2346553
Colón,PAN,PM04,2346554
Herrera,PAN,PM06,2346556
Panama,PAN,PM08,2347586
Veraguas,PAN,PM10,2346560
San Andrés y Providencia,COL,CO17,2345070
Cabañas,SLV,ES02,2345293
Cuscatlán,SLV,ES04,2345295
La Paz,SLV,ES06,2345297
Morazán,SLV,ES08,2345299
Toledo,BLZ,BH06,2344799
Sud,HTI,HA12,2345621
Granma,CUB,CU09,2345113
Clarendon,JAM,JM01,2345912
Hanover,JAM,JM02,2345913
Manchester,JAM,JM04,2345914
Saint Elizabeth,JAM,JM11,2345919
Saint James,JAM,JM12,2345920
Trelawny,JAM,JM15,2345923
Westmoreland,JAM,JM16,2345924
Portland,JAM,JM07,2345915
Saint Ann,JAM,JM09,2345917
Saint Mary,JAM,JM13,2345921
Saint Andrew,JAM,JM08,2345916
Saint Thomas,JAM,JM14,2345922
L'Artibonite,HTI,HA06,2345615
Nord,HTI,HA09,2345618
Ouest,HTI,HA11,2345620
Santo Domingo,DOM,DR00,28358196
Caldas,COL,CO37,2345053
Cundinamarca,COL,,2345078
Risaralda,COL,CO24,2345069
Tolima,COL,CO28,2345073
Cauca,COL,CO09,2345055
Huila,COL,CO16,2345061
Putumayo,COL,CO22,2345067
Valle del Cauca,COL,CO11,2345074
Carchi,ECU,EC05,2345206
Imbabura,ECU,EC11,2345212
Sucumbios,ECU,EC22,2345222
Cesar,COL,CO10,2345056
Magdalena,COL,CO18,2345063
Darién,PAN,PM05,2346555
Kuna Yala,PAN,PM09,2346559
Norte de Santander,COL,CO21,2345066
Casanare,COL,CO32,2345077
Meta,COL,CO19,2345064
Vichada,COL,CO31,2345076
Ciudad de la Habana,CUB,CU02,2345107
La Habana,CUB,CU11,2345115
Villa Clara,CUB,CU16,2345120
Saint Andrew,DMA,DO02,2345161
Saint David,DMA,DO03,2345162
Saint George,DMA,DO04,2345163
Saint John,DMA,DO05,2345164
Saint Luke,DMA,DO07,2345166
Saint Mark,DMA,DO08,2345167
Saint Patrick,DMA,DO09,2345168
Saint Paul,DMA,DO10,2345169
Saint Peter,DMA,DO11,2345170
Eysturoyar,FRO,FO00,2347594
Waterford,IRL,EI32,2345271
Bangui,CAF,CT10,2345105
Bet,TCD,CD03,2344947
Hadjer-Lamis,TCD,CD04,56013481
Kanem,TCD,CD06,2344950
Lac,TCD,CD07,2344951
Centro Sur,GNQ,EK06,20069850
Litoral,GNQ,EK08,20069853
Batha,TCD,CD01,2344945
Guéra,TCD,CD05,2344949
Littoral,CMR,CM05,2345034
Bioko Norte,GNQ,EK05,20069855
Bioko Sur,GNQ,EK04,20069856
Adamaoua,CMR,CM10,2345038
Nord,CMR,CM13,2345041
Logone Occidental,TCD,CD08,2344952
Logone Oriental,TCD,CD09,2344953
Mayo-Kebbi Est,TCD,CD10,56013483
Mandoul,TCD,CD11,56013482
Salamat,TCD,CD13,2344957
Dubrovacko-Neretvanska,HRV,HR03,12577973
Splitsko-Dalmatinska,HRV,HR15,12577985
Zadarska,HRV,HR19,12577989
Bar,MNE,AL49,29389244
Shkodër,ALB,AL49,29389563
Budva,MNE,MJ00,29389243
Vlorë,ALB,AL51,29389565
Zlatiborski,SRB,BK00,29389214
Kotor,MNE,HR03,29389240
Andrijevica,MNE,MJ00,29389233
Danilovgrad,MNE,MJ00,29389236
Gnjilane,KO-,MK20,29389201
Berat,ALB,AL40,29389554
Elbasan,ALB,AL43,29389557
Prizren,KO-,MKA6,29389201
Al Gharbiyah,EGY,EG05,2345227
Al Minufiyah,EGY,EG09,2345231
Ad Daqahliyah,EGY,EG01,2345223
Al Buhayrah,EGY,EG03,2345225
Al Wadi at Jadid,EGY,EG13,2347594
Aragatsotn,ARM,AM01,20070209
Armavir,ARM,AM03,20070210
Shirak,ARM,AM07,20070203
Al Bahr al Ahmar,EGY,EG02,2345224
Janub Sina',EGY,EG26,2345247
Shamal Sina',EGY,EG32,2345248
Orientale,COD,CG09,2344985
Gash Barka,ERI,ER04,24549686
Anseba,ERI,ER05,24549686
Debub,ERI,ER06,24549683
Semenawi Keyih Bahri,ERI,ER01,24549686
Maekel,ERI,ER02,24549686
Nordrhein-Westfalen,DEU,GM07,2345487
Baden-Württemberg,DEU,GM01,2345481
Hessen,DEU,GM05,2345485
Bremen,DEU,GM03,2345483
Niedersachsen,DEU,GM06,2345486
Thüringen,DEU,GM15,2345495
Hamburg,DEU,GM04,2345484
Rheinland-Pfalz,DEU,GM08,2345488
Saarland,DEU,GM09,2345489
Krapinsko-Zagorska,HRV,SI92,12577977
Karlovacka,HRV,HR05,12577990
Licko-Senjska,HRV,HR08,12577978
Primorsko-Goranska,HRV,HR12,12577982
Primorsko-Goranska,HRV,HR12,12577982
Zagrebacka,HRV,HR20,12577983
Grad Zagreb,HRV,HR21,20070170
Karlovarský,CZE,EZ09,20070500
Bayern,DEU,GM02,2345482
Istarska,HRV,HR04,12577974
Liberecký,CZE,EZ03,20070498
Královéhradecký,CZE,EZ07,20070466
Sachsen,DEU,GM13,2345493
Brodsko-Posavska,HRV,HR02,12577972
Brodsko-Posavska,HRV,HR11,12577972
Vukovarsko-Srijemska,HRV,HR18,12577988
Viroviticko-Podravska,HRV,HR17,12577987
Medimurska,HRV,HR09,12577979
Grad Zagreb,HRV,HR20,20070170
Moravskoslezský,CZE,PL04,20070471
Briceni,MDA,MD63,55948180
Donduseni,MDA,MD70,55948186
Ocnita,MDA,MD81,55948195
Balti,MDA,MD60,20069873
Drochia,MDA,MD71,55948187
Falesti,MDA,MD74,55948188
Glodeni,MDA,MD76,55948190
Ungheni,MDA,MD92,20069874
Cahul,MDA,MD51,20069882
Taraclia,MDA,MD51,55948203
Gagauzia,MDA,MD51,20069881
Chisinau,MDA,MD57,20069878
Dubasari,MDA,MD58,20069876
Anenii Noi,MDA,MD59,55948205
Basarabeasca,MDA,MD61,55948179
Cantemir,MDA,MD65,55948182
Calarasi,MDA,MD66,55948181
Cimislia,MDA,MD68,55948184
Criuleni,MDA,MD69,55948185
Floresti,MDA,MD75,55948189
Transnistria,MDA,MD72,20069876
Nisporeni,MDA,MD80,55948194
Orhei,MDA,MD82,20069875
Rezina,MDA,MD83,55948196
Rezina,MDA,MD83,55948196
Soldanesti,MDA,MD86,55948199
Straseni,MDA,MD87,55948202
Telenesti,MDA,MD91,55948204
Causeni,MDA,MD67,55948183
Stefan Voda,MDA,MD88,55948200
Soroca,MDA,MD87,20069872
Harju,EST,EN01,2345276
Ida-Viru,EST,EN03,2345278
Järva,EST,EN04,2345279
Jõgeva,EST,EN05,2345280
Lääne-Viru,EST,EN08,2345282
Hiiu,EST,EN02,2345277
Lääne,EST,EN07,2345281
Xizang,CHN,CH14,12578004
Al Asimah,KWT,KU02,20070169
Al Ahmadi,KWT,KU04,20070166
Mubarak Al-Kabeer,KWT,,55943079
Al Jahrah,KWT,KU05,20070165
Tavush,ARM,AJ40,20070202
Ararat,ARM,AM02,20070211
Gegharkunik,ARM,AM04,2347594
Kotayk,ARM,AM05,20070208
Samux,AZE,AJ52,20070269
Yevlax,AZE,AJ67,20070252
Syunik,ARM,AM08,20070206
Vayots Dzor,ARM,AM10,20070205
Susa,AZE,AJ55,20070265
Badghis,AFG,AF02,2344550
Hirat,AFG,AF11,2344558
Bamyan,AFG,AF05,2344552
Faryab,AFG,AF07,2344554
Jawzjan,AFG,AF31,2344576
Ghor,AFG,AF09,2344556
Sari Pul,AFG,AF33,2344578
Farah,AFG,AF06,2344553
Hilmand,AFG,AF10,2344557
Nimroz,AFG,AF19,2344565
Uruzgan,AFG,AF39,2344566
Uruzgan,AFG,AF41,2344566
Kandahar,AFG,AF23,2344569
Zabul,AFG,AF28,2344573
Xinjiang Uygur,CHN,CH13,12578003
Paktika,AFG,AF29,2344574
Badakhshan,AFG,AF01,2344549
Kunar,AFG,AF34,2344561
Nangarhar,AFG,AF18,2344564
Takhar,AFG,AF26,2344571
Baghlan,AFG,AF03,2344551
Kabul,AFG,AF13,2344559
Kapisa,AFG,AF14,2344560
Parwan,AFG,AF42,2344568
Laghman,AFG,AF35,2344562
Logar,AFG,AF17,2344563
Parwan,AFG,AF40,2344568
Samangan,AFG,AF32,2344577
Hainan,CHN,CH31,12578020
Qu?ng Ninh,VNM,VM30,2345867
Bântéay Méanchey,KHM,CB25,20070093
Kaôh Kong,KHM,CB08,20070094
Pouthisat,KHM,CB12,2344937
Siemréab,KHM,CB24,2344941
Otdar Mean Chey,KHM,CB27,20070095
Krong Pailin,KHM,CB30,20070097
Kâmpóng Chhnang,KHM,CB03,20070094
Kândal,KHM,CB07,20070094
Krâchéh,KHM,CB09,2344935
Rôtânôkiri,KHM,CB23,2344940
Kepulauan Riau,IDN,ID40,55949082
Krong Preah Sihanouk,KHM,CB28,20070096
Krong Preah Sihanouk,KHM,CB28,20070096
Shaanxi,CHN,CH26,12578015
Shanxi,CHN,CH24,12578013
Hubei,CHN,CH12,12578002
Hunan,CHN,CH11,12578001
Sichuan,CHN,CH32,12578016
Yunnan,CHN,CH29,12578018
Hebei,CHN,CH10,12578000
Henan,CHN,CH09,12577999
Liaoning,CHN,CH19,12578008
Shandong,CHN,CH25,12578014
Tianjin,CHN,CH22,12578017
Tianjin,CHN,CH28,12578017
Jiangxi,CHN,CH03,12577993
Jiangsu,CHN,CH04,12577994
Shanghai,CHN,CH23,12578012
Zhejiang,CHN,CH02,12577992
Hiroshima,JPN,JA11,2345861
Okayama,JPN,JA31,2345880
Fukui,JPN,JA36,2345856
Shimane,JPN,JA36,2345885
Tottori,JPN,JA41,2345890
Yamaguchi,JPN,JA45,2345894
Saga,JPN,JA33,2345882
Jilin,CHN,CH05,12577995
Fukuoka,JPN,JA07,58646425
Kumamoto,JPN,JA21,2345870
Miyazaki,JPN,JA25,2345874
Ehime,JPN,JA05,2345855
Kagawa,JPN,JA17,2345866
Kochi,JPN,JA20,2345869
Oita,JPN,JA30,2345879
Tokushima,JPN,JA39,2345888
Nei Mongol,CHN,CH20,12578009
Heilongjiang,CHN,CH08,12577998
Aichi,JPN,JA01,2345851
Gifu,JPN,JA09,2345859
Ishikawa,JPN,JA15,2345864
Mie,JPN,JA23,2345872
Nagano,JPN,JA26,2345875
Shizuoka,JPN,JA37,2345886
Toyama,JPN,JA42,2345891
Hokkaido,JPN,JA12,7153351
Fukui,JPN,JA06,2345856
Hyogo,JPN,JA13,2345862
Kyoto,JPN,JA22,2345871
Nara,JPN,JA28,2345877
Osaka,JPN,JA32,2345881
Shiga,JPN,JA35,2345884
Wakayama,JPN,JA43,2345892
Chiba,JPN,JA04,2345854
Ibaraki,JPN,JA14,2345863
Kanagawa,JPN,JA19,2345868
Saitama,JPN,JA34,2345883
Tochigi,JPN,JA38,2345887
Tokyo,JPN,JA40,2345889
Yamanashi,JPN,JA46,2345895
Akita,JPN,JA02,2345852
Aomori,JPN,JA03,2345853
Fukushima,JPN,JA08,2345858
Iwate,JPN,JA16,2345865
Miyagi,JPN,JA24,2345873
Niigata,JPN,JA29,2345878
Yamagata,JPN,JA44,2345893
Lunda Norte,AGO,AO17,2344671
Lunda Sul,AGO,AO18,2344672
Bengo,AGO,AO19,2344673
Cuanza Norte,AGO,AO05,2344660
Cuanza Sul,AGO,AO06,2344661
Zaire,AGO,AO16,2344670
Bas-Congo,COD,CG08,2344984
Cuando Cubango,AGO,AO04,2344659
Cunene,AGO,AO07,2344662
Huíla,AGO,AO09,2347594
Moxico,AGO,AO14,2344668
Sud-Kivu,COD,CG12,20069829
Maniema,COD,,20069831
Kasaï-Oriental,COD,CG04,2344985
Nord-Kivu,COD,CG11,20069830
Sofala,MOZ,MZ05,2346315
Zambezia,MOZ,MZ09,2346319
Eastern Cape,ZAF,SF01,2346979
Jambi,IDN,ID05,2345714
Kalimantan Tengah,IDN,ID13,2345722
Irian Jaya Barat,IDN,ID39,2345718
Temotu,SLB,BP09,20069919
La Paz,BOL,BL04,2344804
Oruro,BOL,BL05,2344805
Pando,BOL,BL06,2344806
Potosí,BOL,BL07,2344807
Santa Cruz,BOL,BL08,2344808
Tarija,BOL,BL09,2344809
Baja Verapaz,GTM,GT02,2345553
Alta Verapaz,GTM,GT01,2345552
El Progreso,GTM,GT05,2345556
Santa Rosa,GTM,GT18,2345569
Izabal,GTM,GT09,2345560
Bahoruco,DOM,DR02,2345173
Independencia,DOM,DR,2345179
Duarte,DOM,DR06,2345177
Distrito Nacional,DOM,DR34,2345176
El Seybo,DOM,DR28,2345196
La Altagracia,DOM,DR10,2345180
Christ Church,BRB,BB01,2344730
Saint Andrew,BRB,BB02,2344731
Saint George,BRB,BB03,2344732
Saint James,BRB,BB04,2344733
Saint John,BRB,BB05,2344734
Saint Joseph,BRB,BB06,2344735
Saint Lucy,BRB,BB07,2344736
Saint Michael,BRB,BB08,2344737
Saint Peter,BRB,BB09,2344738
Saint Philip,BRB,BB10,2344739
Saint Thomas,BRB,BB11,2344740
Perthshire and Kinross,GBR,UK88,12578048
Fife,GBR,UK84,12578048
Northumberland,GBR,UK32,24554868
Hampshire,GBR,UK19,24554868
West Midlands,GBR,UK43,24554868
Gloucestershire,GBR,UK16,24554868
Buckinghamshire,GBR,UK04,24554868
Bedfordshire,GBR,UK02,24554868
Hertfordshire,GBR,UK21,24554868
Somerset,GBR,UK36,24554868
Devon,GBR,UK11,24554868
Berkshire,GBR,UK03,24554868
Dorset,GBR,UK12,24554868
Cambridgeshire,GBR,UK05,24554868
England,GBR,UK26,24554868
Derbyshire,GBR,UK10,24554868
Lincolnshire,GBR,UK32,24554868
Down,GBR,UK64,20070563
Carmarthenshire,GBR,UK91,12578049
Ceredigion,GBR,UK91,12578049
Pembrokeshire,GBR,UK91,12578049
Merseyside,GBR,UK28,24554868
Cheshire,GBR,UK06,24554868
Cornwall,GBR,UK08,24554868
Powys,GBR,UK95,12578049
Vale of Glamorgan,GBR,UK96,12578049
Neath Port Talbot,GBR,UK97,12578049
Lancashire,GBR,UK25,24554868
Denbighshire,GBR,UK90,12578049
Flintshire,GBR,UK90,12578049
Anglesey,GBR,UK93,12578049
Gwynedd,GBR,UK93,12578049
Blaenau Gwent,GBR,UK92,12578049
Monmouthshire,GBR,UK92,12578049
Torfaen,GBR,UK92,12578049
Fermanagh,GBR,UK66,20070563
Dumfries and Galloway,GBR,UK80,12578048
Cumbria,GBR,UK09,24554868
North Yorkshire,GBR,UK30,24554868
Aïn Témouchent,DZA,AG36,2347607
Naâma,DZA,AG49,2347607
Maccarthy Island,GMB,GA03,2345445
Upper River,GMB,GA04,2345446
Lower River,GMB,GA02,2345444
Northern,GHA,GH06,2345467
Upper East,GHA,GH10,2345470
Upper West,GHA,GH11,2345471
Ashanti,GHA,GH02,2345463
Brong Ahafo,GHA,GH03,2345464
Central,GHA,GH04,2345465
Borgou,BEN,BN10,2344826
Alibori,BEN,BN07,55967672
Collines,BEN,BN11,55967670
Greater Accra,GHA,GH01,2345462
Volta,GHA,GH08,2345468
Atlantique,BEN,BN09,2344825
Littoral,BEN,BN14,55967673
Kouffo,BEN,BN12,55967668
Ouémé,BEN,BN16,2344828
Zou,BEN,BN18,2344829
Plateau,BEN,BN17,55967669
Mono,BEN,BN15,2344827
Atakora,BEN,BN08,2344824
Donga,BEN,BN13,55967671
Kompienga,BFA,UV22,55967354
Gourma,BFA,UV22,2347617
Cuvette-Ouest,COG,CF10,55998384
Ogooué-Ivindo,GAB,GB06,2345454
Wouleu-Ntem,GAB,GB09,2345457
Tamanghasset,DZA,AG53,2344623
Boumerdès,DZA,AG40,2347607
Bordj Bou Arréridj,DZA,AG39,2347607
Béjaïa,DZA,AG18,2347607
West Bosnia,BIH,BK01,24549661
Una-Sana,BIH,HR19,24549661
Central Bosnia,BIH,BK01,24549661
West Herzegovina,BIH,HR03,24549661
Herzegovina-Neretva,BIH,HR03,24549661
Aydin,TUR,TU09,2347266
Izmir,TUR,TU35,2347290
Balikesir,TUR,TU10,2347267
Çanakkale,TUR,TU17,2347274
Edirne,TUR,TU22,2347279
Kirklareli,TUR,TU39,2347294
Tekirdag,TUR,TU59,2347310
Grad Sofiya,BGR,BU42,20070061
Sofia,BGR,BU42,20070061
Bilecik,TUR,TU11,2347268
Bursa,TUR,TU16,2347273
Istanbul,TUR,TU34,2347289
Kocaeli,TUR,TU41,2347296
Sakarya,TUR,TU54,2347306
Bolu,TUR,TU14,2347271
Eskisehir,TUR,TU26,2347283
Kastamonu,TUR,TU37,2347292
Antalya,TUR,TU07,2347264
Afyon,TUR,TU03,2347260
Burdur,TUR,TU15,2347272
Denizli,TUR,TU20,2347277
Isparta,TUR,TU33,2347288
Kütahya,TUR,TU43,2347297
Manisa,TUR,TU45,2347299
Mugla,TUR,TU48,2347301
Adiyaman,TUR,TU02,2347259
Elazig,TUR,TU23,2347280
K. Maras,TUR,TU46,2347300
Malatya,TUR,TU44,2347298
Mersin,TUR,TU32,2347287
Kirsehir,TUR,TU40,2347295
Kayseri,TUR,TU38,2347293
Nevsehir,TUR,TU50,2347303
Hatay,TUR,TU31,2347286
Amasya,TUR,TU05,2347262
Çorum,TUR,TU19,2347276
Giresun,TUR,TU28,2347285
Ordu,TUR,TU52,2347304
Sinop,TUR,TU57,2347308
Sivas,TUR,TU58,2347309
Samsun,TUR,TU55,2347307
Tokat,TUR,TU60,2347311
Artvin,TUR,TU08,2347265
Erzurum,TUR,TU25,2347282
Erzincan,TUR,TU24,2347281
Rize,TUR,TU53,2347305
Trabzon,TUR,TU61,2347312
Stavropol',RUS,RS70,2346887
Agri,TUR,TU04,2347261
Bingöl,TUR,TU12,2347269
Diyarbakir,TUR,TU21,2347278
Mus,TUR,TU49,2347302
Bitlis,TUR,TU13,2347270
Bakool,SOM,SO01,2347006
Bay,SOM,SO04,2347009
Gedo,SOM,SO06,2347011
Jubbada Dhexe,SOM,SO08,2347013
Shabeellaha Hoose,SOM,SO02,2347019
Essex,GBR,UK15,24554868
Suffolk,GBR,UK39,24554868
Norfolk,GBR,UK29,24554868
Vorarlberg,AUT,AU08,2344715
Burgenland,AUT,AU01,2344708
Steiermark,AUT,AU06,2344713
Kärnten,AUT,AU02,2344709
Oberösterreich,AUT,AU04,2344711
Tirol,AUT,AU07,2344714
Niederösterreich,AUT,AU03,2344710
Wien,AUT,AU09,2344710
Pskov,RUS,RS60,2346920
Smolensk,RUS,RS69,2346925
Arkhangel'sk,RUS,RS06,20070508
Kostroma,RUS,RS37,2346903
Yaroslavl',RUS,RS88,2346936
Ryazan',RUS,RS62,2346922
Tambov,RUS,RS72,2346927
Bashkortostan,RUS,RS08,2346866
Komi,RUS,RS34,2346874
Mariy-El,RUS,RS45,2346875
Astrakhan',RUS,RS07,2346890
Samara,RUS,RS65,2346906
Tatarstan,RUS,RS73,2346878
Tyumen',RUS,RS78,20070528
Altay,RUS,RS04,20070530
Gorno-Altay,RUS,RS03,20070530
Al Wusta,OMN,MU02,2346257
Ash Sharqiyah,OMN,MU01,2346256
Galguduud,SOM,SO05,2347010
Hiiraan,SOM,SO07,2347012
Shabeellaha Dhexe,SOM,SO13,2347018
Dhofar,OMN,MU02,2346258
Mudug,SOM,SO10,2347015
Chechnya,RUS,RS12,2346868
Dagestan,RUS,RS17,2346870
Musandam,OMN,MU07,4693371
Muscat,OMN,MU02,2346260
Delhi,IND,IN07,20070458
Himachal Pradesh,IND,IN11,2345745
Haryana,IND,IN10,2345744
Jammu and Kashmir,IND,IN12,2345746
Chhukha,BTN,BT06,2344873
Daga,BTN,BT08,2344875
Paro,BTN,BT13,2344880
Gasa,BTN,BT15,55967862
Samchi,BTN,BT16,2344883
Thimphu,BTN,BT20,2344887
Punakha,BTN,BT00,2344882
Andhra Pradesh,IND,IN02,2345740
Kerala,IND,IN13,2345747
Lakshadweep,IND,IN14,2345748
Orissa,IND,IN21,2345755
Dadra and Nagar Haveli,IND,IN06,20070457
Karnataka,IND,IN19,2345753
Maharashtra,IND,IN16,2345750
Andaman and Nicobar,IND,IN01,2345739
Assam,IND,IN03,2345741
Manipur,IND,IN17,2345751
Nagaland,IND,IN20,2345754
Bumthang,BTN,BT05,2344872
Chirang,BTN,BT07,2344874
Geylegphug,BTN,BT09,2344876
Lhuntshi,BTN,BT11,2344878
Tashi Yangtse,BTN,BT00,55967863
Shemgang,BTN,BT18,2344885
Tongsa,BTN,BT21,2344888
Wangdi Phodrang,BTN,BT22,2344889
Meghalaya,IND,IN18,2345752
Pemagatsel,BTN,BT14,2344881
Tashigang,BTN,BT19,2344886
Chungcheongbuk-do,KOR,KS05,2345965
Gangwon-do,KOR,KS06,2345966
Gyeonggi-do,KOR,KS13,2345969
Jeollabuk-do,KOR,KS03,2345964
Chungcheongnam-do,KOR,KS17,2345973
Daejeon,KOR,KS19,2345975
Gyeongsangnam-do,KOR,KS20,2345967
Kwangju-gwangyoksi,KOR,KS18,2345974
Taegu-gwangyoksi,KOR,KS15,2345971
Jeju,KOR,KS01,2345963
Tawi-Tawi,PHL,RP72,23424729
Bohol,PHL,RP11,23424721
Guimaras,PHL,RP30,23424725
Negros Oriental,PHL,RP46,23424721
Negros Occidental,PHL,RPH3,23424725
Basilan,PHL,RP22,23424729
Zamboanga del Norte,PHL,RP65,23424731
Zamboanga del Sur,PHL,RP65,23424731
Zamboanga Del Sur,PHL,RP66,23424731
Misamis Occidental,PHL,RP42,23424730
Sulu,PHL,RP60,23424729
Aklan,PHL,RP04,23424725
Antique,PHL,RP06,23424725
Antique,PHL,RP06,23424725
Capiz,PHL,RP18,23424725
Guimaras,PHL,RP30,23424725
Occidental Mindoro,PHL,RP49,23424719
Occidental Mindoro,PHL,RP49,23424719
Occidental Mindoro,PHL,RP49,23424719
Palawan,PHL,RP49,23424725
Albay,PHL,RP05,23424720
Camarines Norte,PHL,RP15,23424720
Camarines Sur,PHL,RP16,23424720
Catanduanes,PHL,RP19,23424720
Abra,PHL,RP01,23424716
Batanes,PHL,RP07,23424715
Cagayan,PHL,RP14,23424715
Cagayan,PHL,RP14,23424715
Apayao,PHL,RP32,23424716
Ilocos Norte,PHL,RP28,23424724
Ilocos Sur,PHL,RP29,23424724
Aurora,PHL,RPG8,23424722
Isabela,PHL,RP31,23424715
Ifugao,PHL,RP32,23424716
Mountain Province,PHL,RP44,23424716
Nueva Vizcaya,PHL,RP48,23424715
Quirino,PHL,RP68,23424715
Bataan,PHL,RP07,23424722
Nueva Ecija,PHL,RP47,23424722
Pampanga,PHL,RP50,23424722
Benguet,PHL,RP10,23424716
Zambales,PHL,RP64,23424722
La Union,PHL,RP36,23424724
Pangasinan,PHL,RP51,23424724
Cavite,PHL,RP07,23424717
Laguna,PHL,RP33,23424717
Rizal,PHL,RP53,23424717
Metropolitan Manila,PHL,RPD9,23424718
Marinduque,PHL,RP38,23424719
Occidental Mindoro,PHL,RP40,23424719
Oriental Mindoro,PHL,RP41,23424719
Lanao del Norte,PHL,RP34,23424730
Lanao del Sur,PHL,RP35,23424729
Lanao Del Sur,PHL,RP56,23424729
Maguindanao,PHL,RP56,23424729
Shariff Kabunsuan,PHL,RP56,23424729
North Cotabato,PHL,RP57,23424728
North Cotabato,PHL,RP57,23424728
Sultan Kudarat,PHL,RP71,23424728
Eastern Samar,PHL,RP23,23424723
Leyte,PHL,RP37,23424723
Samar,PHL,RP55,23424723
Southern Leyte,PHL,RP59,23424723
Northern Samar,PHL,RP67,23424723
Agusan del Norte,PHL,RP02,23424726
Agusan del Sur,PHL,RP03,23424726
Bukidnon,PHL,RP12,23424730
Camiguin,PHL,RP17,23424730
Davao del Norte,PHL,RP24,23424727
Compostela Valley,PHL,RP24,23424727
Dinagat Islands,PHL,RP61,23424726
Surigao del Sur,PHL,RP62,23424726
Misamis Oriental,PHL,RP43,23424730
Davao Del Sur,PHL,RP25,23424727
Davao Oriental,PHL,RP26,23424727
Sarangani,PHL,RP25,23424728
South Cotabato,PHL,RP70,23424728
Sultan Kudarat,PHL,RP70,23424728
Irkutsk,RUS,RS20,2346896
Sakhalin,RUS,RS64,2346937
Central,FJI,FJ01,2345335
Northern,FJI,FJ03,2345337
Moyen-Ogooué,GAB,GB03,2345451
Ngounié,GAB,GB04,2345452
Nyanga,GAB,GB05,2345453
Ogooué-Maritime,GAB,GB08,2345456
Kgalagadi,BWA,BC04,2344744
Bouenza,COG,CF01,2344967
Haut-Ogooué,GAB,GB02,2345450
Ogooué-Lolo,GAB,GB07,2345455
Central,BWA,BC01,2344741
Cankuzo,BDI,BY11,2344904
Rutana,BDI,BY20,2344913
Ruyigi,BDI,BY21,2344914
Bubanza,BDI,BY09,2344902
Bururi,BDI,BY10,2344903
Gitega,BDI,BY13,2344906
Kayanza,BDI,BY15,2344908
Makamba,BDI,BY17,2344910
Kirundo,BDI,BY16,2344909
Muyinga,BDI,BY18,2344911
Jubbada Hoose,SOM,SO09,2347014
Kgatleng,BWA,BC05,2344745
Kweneng,BWA,BC06,2344746
South-East,BWA,BC09,2344749
Northern Territory,AUS,AS03,2344701
Western Australia,AUS,AS08,2344706
Christmas Island,CXR,,2344704
Australian Capital Territory,AUS,AS01,2344699
New South Wales,AUS,AS02,2344700
Victoria,AUS,AS07,2344705
Queensland,AUS,AS04,2344702
Rotuma,FJI,FJ04,20069921
Tasmania,AUS,AS06,2344704
Basse-Normandie,FRA,FR99,7153311
Bretagne,FRA,FRA2,7153313
Poitou-Charentes,FRA,FRB7,7153327
Pays de la Loire,FRA,FRA5,7153325
Aquitaine,FRA,FR97,7153309
Corse,FRA,FR14,7153316
Provence-Alpes-Côte-d'Azur,FRA,FRB8,7153318
Auvergne,FRA,FR98,7153310
Bourgogne,FRA,FRA1,7153312
Haute-Normandie,FRA,FRA7,7153318
East Sussex,GBR,UK14,24554868
Île-de-France,FRA,FRA8,7153313
Limousin,FRA,FRB1,7153321
Picardie,FRA,FRB6,7153326
Franche-Comté,FRA,FRA6,7153317
Alsace,FRA,FR96,7153330
Lorraine,FRA,FRB2,7153322
Timbuktu,MLI,ML08,2346187
Kidal,MLI,ML10,55999799
Gao,MLI,ML09,2346181
Magallanes y Antártica Chilena,CHL,CI10,2345027
Arica y Parinacota,CHL,,56043702
Atacama,CHL,CI05,2345022
Coquimbo,CHL,CI07,2345024
Región Metropolitana de Santiago,CHL,CI12,2345029
Valparaíso,CHL,CI01,2345018
Libertador General Bernardo O'Higgins,CHL,CI08,2345025
Los Lagos,CHL,CI09,2345026
Maule,CHL,CI06,2345028
Baja California,MEX,MX02,2346265
Baja California Sur,MEX,MX03,2346266
Coahuila,MEX,MX07,2347602
Sonora,MEX,MX26,2347561
San Luis Potosí,MEX,MX24,2346287
Tamaulipas,MEX,MX28,2347602
Jalisco,MEX,MX14,2346277
Michoacán,MEX,MX16,2346279
Nayarit,MEX,MX18,2346281
Oaxaca,MEX,MX20,2346283
Tabasco,MEX,MX32,2346290
Distrito Federal,MEX,MX09,2346272
Guerrero,MEX,MX12,2346275
Hidalgo,MEX,MX13,2346276
Morelos,MEX,MX17,2346280
Querétaro,MEX,MX22,2346285
Veracruz,MEX,MX30,2346293
Chiapas,MEX,MX05,2346268
Quintana Roo,MEX,MX23,2346286
Kommuneqarfik Sermersooq,GRL,,20069858
Kommune Kujalleq,GRL,,2347599
Qeqqata Kommunia,GRL,,2347599
Nationalparken,GRL,,2347581
Qaasuitsup Kommunia,GRL,,2347599
Highland,GBR,UK83,12578048
Shetland Islands,GBR,UK83,12578048
West Sussex,GBR,UK44,24554868
Northamptonshire,GBR,UK31,24554868
Warwickshire,GBR,UK42,24554868
Oxfordshire,GBR,UK34,24554868
Surrey,GBR,UK40,24554868
Wiltshire,GBR,UK46,24554868
Isle of Wight,GBR,UK23,24554868
Nottinghamshire,GBR,UK33,24554868
Eilean Siar,GBR,UK89,12578048
Herefordshire,GBR,UK20,24554868
Worcestershire,GBR,UK20,24554868
Staffordshire,GBR,UK38,24554868
Shropshire,GBR,UK35,24554868
West Yorkshire,GBR,UK45,24554868
South Yorkshire,GBR,UK37,24554868
Tiris Zemmour,MRT,MR11,2346251
Brakna,MRT,MR05,2346245
Dakhlet Nouadhibou,MRT,MR08,2346248
Inchiri,MRT,MR12,2346252
Trarza,MRT,MR06,2346246
Assaba,MRT,MR03,2346243
Guidimaka,MRT,MR10,2346250
Bamako,MLI,ML07,2346180
Kayes,MLI,ML03,2346182
Sikasso,MLI,ML06,2346185
Adrar,MRT,MR07,2346247
Hodh ech Chargui,MRT,MR01,2346241
Hodh el Gharbi,MRT,MR02,2346242
Tagant,MRT,MR09,2346249
Houet,BFA,UV51,2347618
Banwa,BFA,UV58,55967360
Mou Houn,BFA,UV63,2347624
Oudalan,BFA,UV33,2347628
Soum,BFA,UV40,2347635
Nayala,BFA,UV73,55967361
Sourou,BFA,UV73,2347636
Mopti,MLI,ML22,2346183
Ségou,MLI,ML05,2346184
Bam,BFA,UV15,2347610
Kourwéogo,BFA,UV53,55967365
Kadiogo,BFA,UV53,2347619
Oubritenga,BFA,UV68,2347627
Zondoma,BFA,UV34,55967363
Sissili,BFA,UV72,2347634
Loroum,BFA,UV15,55967362
Yatenga,BFA,UV76,2347638
Namentenga,BFA,UV64,2347625
Sanmatenga,BFA,UV70,2347632
Boulgou,BFA,UV49,2347613
Koulpélogo,BFA,UV49,55967355
Kouritenga,BFA,UV28,2347623
Nahouri,BFA,UV65,2347626
Ioba,BFA,UV48,55967357
Tuy,BFA,UV51,55967366
Léraba,BFA,UV54,55967359
Komoé,BFA,UV55,2347621
Likouala,COG,CF06,2344971
Borno,NGA,NI27,2346355
Water body,NGA,CD07,2346361
Abia,NGA,NI45,2346362
Akwa Ibom,NGA,NI21,2346349
Imo,NGA,NI28,2346356
Rivers,NGA,NI50,2346344
Bayelsa,NGA,NI52,20070152
Benue,NGA,NI26,2346354
Cross River,NGA,NI22,2346350
Taraba,NGA,NI43,2346371
Kwara,NGA,NI30,2346358
Lagos,NGA,NI05,2346342
Niger,NGA,NI31,2346359
Ogun,NGA,NI16,2346346
Ondo,NGA,NI48,2346347
Ekiti,NGA,NI51,20070151
Osun,NGA,NI42,2346370
Oyo,NGA,NI32,2346360
Anambra,NGA,NI25,2346353
Gombe,NGA,NI55,20070155
Delta,NGA,NI36,2346364
Edo,NGA,NI37,2346365
Enugu,NGA,NI47,2346366
Ebonyi,NGA,NI53,20070153
Kaduna,NGA,NI23,2346351
Kogi,NGA,NI41,2346369
Plateau,NGA,NI49,2346348
Nassarawa,NGA,NI56,20070154
Jigawa,NGA,NI39,2346367
Kano,NGA,NI29,2346357
Sokoto,NGA,NI51,2346361
Zamfara,NGA,NI57,20070150
Yobe,NGA,NI44,2346372
Komondjari,BFA,UV21,55967353
Yagha,BFA,UV71,55967364
Tapoa,BFA,UV42,2347637
Kebbi,NGA,NI40,2346368
Sangha,COG,CF10,2344974
Adamawa,NGA,NI35,2346363
Attiki,GRC,GR35,12577879
Peloponnisos,GRC,GR36,12577887
Dytiki Ellada,GRC,GR38,12577880
Tuzla,BIH,BK00,24549661
Sarajevo,BIH,BK00,24549662
Bosnian Podrinje,BIH,BK00,24549661
Dytiki Makedonia,GRC,GR08,12577881
Vevcani,MKD,MK99,2347583
Debarca,MKD,MK00,24550746
Thessalia,GRC,GR21,12577889
Southwestern,MKD,MK80,2347583
Vardar,MKD,MK87,2347583
Northeastern,MKD,MK97,2347583
tip,MKD,MK98,2347583
Cair,MKD,MKA3,24550752
Vranetica,MKD,MKB6,2347583
elino,MKD,MKC3,2347583
Butel,MKD,MK13,55848399
Centar,MKD,MK17,24550756
Eastern,MKD,MK19,2347583
Ceinovo-Obleevo,MKD,MK19,7153333
Cucer Sandevo,MKD,MK20,24550830
Gazi Baba,MKD,MK32,2347583
Ilinden,MKD,MK36,24550769
Karpo,MKD,MK41,2347583
Kavadartsi,MKD,MK42,2347583
Aerodrom,MKD,MK44,55848400
Krivogatani,MKD,MK53,2347583
Kruevo,MKD,MK54,2347583
Pelagonia,MKD,MK67,2347583
Negotino,MKD,MK69,2347583
Novatsi,MKD,MK71,24550791
Gjorce Petrov,MKD,MK00,2347583
Ipeiros,GRC,GR17,12577883
Centar upa,MKD,MK18,24550756
Southwestern,MKD,MK30,2347583
Mavrovo and Rostusa,MKD,MK64,24550858
Oslomej,MKD,MK77,2347583
Polog,MKD,MKB7,2347583
Bogovinje,MKD,MK10,2347583
Brvenica,MKD,MK12,2347583
Al Jufrah,LBY,LY05,2346122
Ash Shati',LBY,LY13,2346124
An Nuqat al Khams,LBY,LY51,2346134
Al Jabal al Akhdar,LBY,LY49,2346132
Voreio Aigaio,GRC,GR48,12577890
Kriti,GRC,GR43,12577885
Kentriki Makedonia,GRC,GR05,12577884
Southeastern,MKD,MKA1,2347583
Southeastern,MKD,MK11,2347583
Southeastern,MKD,MK33,2347583
Dojran,MKD,MK00,24550860
Anatoliki Makedonia kai Thraki,GRC,GR01,12577878
Phecevo,MKD,MK78,2347583
Ankara,TUR,TU68,2347263
Çankiri,TUR,TU82,2347275
Konya,TUR,TU71,2347321
Karaman,TUR,TU78,2347328
Notio Aigaio,GRC,GR47,12577886
Usak,TUR,TU64,2347315
Abkhazia,GEO,GG02,20070401
Gaziantep,TUR,TU83,2347284
Sanliurfa,TUR,TU63,2347314
Adana,TUR,TU81,2347258
Nigde,TUR,TU73,2347323
Aksaray,TUR,TU75,2347325
Beqaa,LBN,LE11,2346013
North Lebanon,LBN,LE09,2347594
Beirut,LBN,LE04,2346016
Mount Lebanon,LBN,LE05,2346017
Yozgat,TUR,TU66,2347317
Ajaria,GEO,GG04,20070400
Guria,GEO,GG04,2347569
Samegrelo-Zemo Svaneti,GEO,GG04,2347569
Imereti,GEO,GG00,2347569
Gümüshane,TUR,TU69,2347319
Bayburt,TUR,TU77,2347327
Racha-Lechkhumi-Kvemo Svaneti,GEO,GG00,2347569
Samtskhe-Javakheti,GEO,TU86,2347569
Shida Kartli,GEO,GG00,2347569
Kars,TUR,TU84,2347291
Mardin,TUR,TU72,2347322
Batman,TUR,TU76,2347326
Siirt,TUR,TU74,2347324
Sirnak,TUR,TU80,2347330
Tunceli,TUR,TU62,2347313
Hakkari,TUR,TU70,2347320
Van,TUR,TU65,2347316
At-Ta'mim,IRQ,IZ13,2345845
Arbil,IRQ,IZ11,2345843
Ninawa,IRQ,IZ15,2345847
HaDarom,ISR,IS01,2345791
HaMerkaz,ISR,IS02,2345792
HaZafon,ISR,IS03,2345793
An Nabatiyah,LBN,LE07,56049597
South Lebanon,LBN,LE06,2347594
Karbala',IRQ,IZ12,2345844
Baghdad,IRQ,IZ07,2345839
Wakiso,UGA,UG37,24550740
Pader,UGA,UG92,24550736
Amhara,ETH,ET46,56013541
Tigray,ETH,ET06,2345312
Afar,ETH,ET26,56013537
Mayuge,UGA,UG86,24550732
Nakapiripirit,UGA,UG91,24550738
Addis Ababa,ETH,ET44,56013543
Benshangul-Gumaz,ETH,ET47,56013538
Addis Ababa,ETH,ET44,56013543
Somali,ETH,ET48,56013540
Dire Dawa,ETH,ET48,56013542
Harari People,ETH,ET50,56013544
Vas,HUN,HU22,12577928
Warmian-Masurian,POL,PL61,12577948
Pomeranian,POL,PL31,12577945
Lower Silesian,POL,PL66,12577946
West Pomeranian,POL,PL62,12577950
Lubusz,POL,PL71,12577939
Greater Poland,POL,PL34,12577949
Kuyavian-Pomeranian,POL,PL68,12577936
Silesian,POL,PL29,12577946
Masovian,POL,PL59,12577941
Swietokrzyskie,POL,PL36,12577947
Subcarpathian,POL,PL63,12577943
Posavina,BIH,BK00,24549661
Posavina,BIH,BK00,24549661
Baranya,HUN,HU02,12577912
Gyor-Moson-Sopron,HUN,HU09,12577918
Somogy,HUN,HU17,12577924
Veszprém,HUN,HU23,12577929
Zala,HUN,HU24,12577930
Budapest,HUN,HU05,12577915
Bács-Kiskun,HUN,HU01,12577911
Fejér,HUN,HU08,12577917
Komárom-Esztergom,HUN,HU12,12577921
Pest,HUN,HU16,12577923
Borsod-Abaúj-Zemplén,HUN,HU04,12577914
Szabolcs-Szatmár-Bereg,HUN,HU18,12577925
Lesser Poland,POL,PL39,12577940
Hajdú-Bihar,HUN,HU07,12577919
Jász-Nagykun-Szolnok,HUN,HU20,12577926
Lapland,FIN,,12577870
Central Finland,FIN,,12577866
Eastern Finland,FIN,,12577873
Northern Ostrobothnia,FIN,,12577872
Central Ostrobothnia,FIN,,12577866
Ostrobothnia,FIN,,12577866
Southern Ostrobothnia,FIN,,12577866
Tavastia Proper,FIN,,12577869
Pirkanmaa,FIN,,12577866
Southern Finland,FIN,,12577869
South Karelia,FIN,,12577869
Finland Proper,FIN,,12577866
Satakunta,FIN,,12577866
Eastern Uusimaa,FIN,,12577869
Southern Finland,FIN,,12577869
Komi-Permyak,RUS,RS90,2346874
Almaty,KAZ,KZ01,20070180
Fars,IRN,IR07,2345772
Golestan,IRN,IR37,20070201
Mazandaran,IRN,IR17,2345780
Khuzestan,IRN,IR15,2345778
Lorestan,IRN,IR23,2345782
Al-Qadisiyah,IRQ,IZ04,2345836
Dhi-Qar,IRQ,IZ09,2345841
Maysan,IRQ,IZ14,2345846
Wasit,IRQ,IZ16,2345848
Hormozgan,IRN,IR11,2345776
Markazi,IRN,IR34,2345783
Mangghystau,KAZ,KZ09,2345991
Gilan,IRN,IR08,2345773
Kordestan,IRN,IR16,2345779
Diyala,IRQ,IZ10,2345842
South Khorasan,IRN,IR41,2345789
Razavi Khorasan,IRN,IR42,2345789
North Khorasan,IRN,IR43,2345789
Punjab,IND,IN23,2345756
Rajasthan,IND,IN24,2345757
Uttar Pradesh,IND,IN36,2345760
Uttaranchal,IND,IN39,20070462
Jharkhand,IND,IN38,20070463
West Bengal,IND,IN28,2345761
Bihar,IND,IN34,2345742
Sikkim,IND,IN29,2345762
Chhattisgarh,IND,IN37,20070464
Madhya Pradesh,IND,IN35,2345749
Puducherry,IND,IN22,20070459
Tamil Nadu,IND,IN22,2345758
Gujarat,IND,IN32,2345743
Goa,IND,IN08,2345764
Bago,MMR,BM16,2344818
Bokeo,LAO,LA22,20070156
Ayeyarwady,MMR,BM03,2344812
Magway,MMR,BM15,2344816
Champasak,LAO,LA02,20070160
Bolikhamxai,LAO,LA00,20070163
Houaphan,LAO,LA03,2346001
Bolikhamxai,LAO,LA00,20070163
Khammouan,LAO,LA15,20070161
Arunachal Pradesh,IND,IN30,2345763
Mizoram,IND,IN31,20070461
Tripura,IND,IN26,2345759
Kangwon-do,PRK,KN09,2345966
Hentiy,MNG,MG11,2346165
Arhangay,MNG,MG01,2346157
Govi-Altay,MNG,MG10,2346164
Uvs,MNG,MG19,2346173
Selenge,MNG,MG16,2346170
Dornod,MNG,MG06,2346160
Manawatu-Wanganui,NZL,NZF3,15021764
Rukwa,TZA,TZ24,2347375
Zanzibar South and Central,TZA,TZ21,2347372
Hardap,NAM,WA02,20069844
Pool,COG,CF11,2344975
Cuvette,COG,CF13,2344968
Kouilou,COG,CF04,2344969
Lékoumou,COG,CF05,2344970
Niari,COG,CF07,2344972
Plateaux,COG,CF08,2344973
Kavango,NAM,WA07,20069820
Caprivi,NAM,WA06,20069834
Kagera,TZA,TZ19,2347370
Bujumbura Mairie,BDI,BY24,2344900
Muramvya,BDI,BY22,2344901
Kamwenge,UGA,UG81,24550735
Kaskazini-Pemba,TZA,TZ13,2347364
Kusini-Pemba,TZA,TZ20,2347371
Pwani,TZA,TZ02,2347353
Zanzibar West,TZA,TZ25,2347376
Ruvuma,TZA,TZ14,2347365
Arusha,TZA,TZ26,2347352
Manyara,TZA,TZ06,56025085
Kilimanjaro,TZA,TZ06,2347357
Mara,TZA,TZ08,2347359
Tanga,TZA,TZ18,2347369
Gisborne,NZL,NZF1,15021761
Hawke's Bay,NZL,NZF2,15021760
Auckland,NZL,NZE7,15021756
Bay of Plenty,NZL,NZE8,15021753
Canterbury,NZL,NZE9,15021751
Marlborough,NZL,NZF4,15021759
Nelson,NZL,,15021758
Tasman,NZL,NZ00,15021757
Northland,NZL,NZF6,15021755
Taranaki,NZL,NZF9,15021763
Otago,NZL,NZF7,15021754
Southland,NZL,NZF8,15021750
Kent,GBR,UK24,24554868
Aragón,ESP,SP81,12578030
Monaghan,IRL,,2345266
Paktya,AFG,AF18,2344567
Chinmen,TWN,,20070332
Midtjylland,DNK,,28362580
Syddanmark,DNK,,28362581
Nordjylland,DNK,,28362579
Hovedstaden,DNK,,28362583
Sjaælland,DNK,,28362582
Vaud,CHE,SZ06,2347105
Basel-Landschaft,CHE,SZ05,2347085
Basel-Stadt,CHE,SZ03,2347086
Obwalden,CHE,SZ14,2347096
Västra Götaland,SWE,<Null>,20070562
Skåne,SWE,SW11,20070561
Savanes,CIV,,55967002
Labe,GIN,,56059374
Kankan,GIN,,56059378
Mamou,GIN,,56059375
Boke,GIN,,56059373
Kindia,GIN,,56059377
Denguélé,CIV,IV23,55966993
Nzerekore,GIN,,56059376
Faranah,GIN,,56059379
Bafing,CIV,IV26,55966992
Dix-Huit Montagnes,CIV,IV36,55966994
Conakry,GIN,,56059372
Worodougou,CIV,IV25,55967006
Marahoué,CIV,IV34,55966998
Fromager,CIV,IV18,55966995
Haut-Sassandra,CIV,,55966996
Sud-Bandama,CIV,IV29,55967003
Bas-Sassandra,CIV,IV32,55967008
Zanzan,CIV,IV11,55967007
Vallée du Bandama,CIV,IV20,55967005
Agnéby,CIV,IV06,55966991
N'zi-Comoé,CIV,IV27,55967001
Ngöbe Buglé,PAN,PM01,28358287
Emberá,PAN,PM05,28358286
Lagunes,CIV,IV61,55967009
Moyen-Cavally,CIV,,55966999
Moyen-Comoe,CIV,,55967000
Lacs,CIV,IV56,55966997
Sud-Comoé,CIV,IV63,55967004
Nicosia,CYP,CY04,23424995
Famagusta,CYP,CY01,23424994
Federal Capital Territory,NGA,NI11,2347609
Al-Anbar,IRQ,IZ01,2345833
Babil,IRQ,IZ06,2345838
Appenzell Innerrhoden,CHE,SZ10,2347092
Flemish Brabant,BEL,,22525998
Luxembourg,BEL,,7153302
East Flanders,BEL,,7153304
West Flanders,BEL,,7153305
Walloon Brabant,BEL,,22525997
Noord-Brabant,NLD,NL06,2346378
Zuid-Holland,NLD,NL11,2346383
Noord-Holland,NLD,NL07,2346379
Brandenburg,DEU,GM11,2345491
Mecklenburg-Vorpommern,DEU,GM12,2345492
Nagasaki,JPN,JA32,2345876
Kagoshima,JPN,JA18,2345867
Okinawa,JPN,JA40,2345896
Gunma,JPN,JA10,2345860
Daman and Diu,IND,IN32,20070460
Choiseul,SLB,BP11,2344837
Makira,SLB,BP08,2344841
`Adan,YEM,YM01,20070035
Abyan,YEM,,20070036
Massachusetts,USA,US25,2347580
Minnesota,USA,US32,2347582
Montana,USA,US30,2347585
North Dakota,USA,US38,2347602
Hawaii,USA,US15,2347570
Idaho,USA,US16,2347571
Washington,USA,US53,2347606
Arizona,USA,US04,2347561
California,USA,US06,2347563
Colorado,USA,US08,2347564
Nevada,USA,US32,2347587
Oregon,USA,US41,2347596
Utah,USA,US49,2347603
Wyoming,USA,US56,2347609
Arkansas,USA,US05,2347562
Iowa,USA,US19,2347574
Kansas,USA,US20,2347575
Missouri,USA,US29,2347584
Nebraska,USA,US31,2347586
Oklahoma,USA,US40,2347595
South Dakota,USA,US46,2347602
Louisiana,USA,US22,2347577
Texas,USA,US48,2347602
Connecticut,USA,US09,2347565
Rhode Island,USA,US44,2347572
Vermont,USA,US50,2347604
Alabama,USA,US01,2347559
Florida,USA,US12,2347568
Georgia,USA,US13,2347569
Mississippi,USA,US28,2347583
South Carolina,USA,US45,2347592
Illinois,USA,US17,2347572
Indiana,USA,US18,2347573
Kentucky,USA,US21,2347576
North Carolina,USA,US37,2347592
Ohio,USA,US39,2347594
Tennessee,USA,US47,2347601
Virginia,USA,US51,2347605
Wisconsin,USA,US55,2347608
Delaware,USA,US10,2347566
District of Columbia,USA,US11,2347567
Maryland,USA,US24,2347579
New York,USA,US36,2347572
Pennsylvania,USA,US42,2347597
Maine,USA,US23,2347578
Michigan,USA,US26,2347581
Alaska,USA,US02,2347560
